[{"fields": {"model": "logentry", "app_label": "admin"}, "model": "contenttypes.contenttype", "pk": 1}, {"fields": {"model": "permission", "app_label": "auth"}, "model": "contenttypes.contenttype", "pk": 2}, {"fields": {"model": "group", "app_label": "auth"}, "model": "contenttypes.contenttype", "pk": 3}, {"fields": {"model": "user", "app_label": "auth"}, "model": "contenttypes.contenttype", "pk": 4}, {"fields": {"model": "contenttype", "app_label": "contenttypes"}, "model": "contenttypes.contenttype", "pk": 5}, {"fields": {"model": "session", "app_label": "sessions"}, "model": "contenttypes.contenttype", "pk": 6}, {"fields": {"model": "users", "app_label": "users"}, "model": "contenttypes.contenttype", "pk": 7}, {"fields": {"model": "team", "app_label": "teams"}, "model": "contenttypes.contenttype", "pk": 8}, {"fields": {"model": "match", "app_label": "match"}, "model": "contenttypes.contenttype", "pk": 9}, {"fields": {"model": "roundingame", "app_label": "round_in_game"}, "model": "contenttypes.contenttype", "pk": 10}, {"fields": {"model": "tournament", "app_label": "tournament"}, "model": "contenttypes.contenttype", "pk": 11}, {"fields": {"model": "rang", "app_label": "rang"}, "model": "contenttypes.contenttype", "pk": 12}, {"fields": {"expire_date": "2015-11-03T12:35:30Z", "session_data": "ZjQ3ZjZmZjVjMTQ1YTYwZjU0MzY5OWI0OTFkNzBlODRjMWNmODUyMjp7Il9hdXRoX3VzZXJfaGFzaCI6IjQwMjE4MGNkMDM4ZmU1Mjc4NDEyZTQ0NTUzNzFmNTgwMGYwODkxMjgiLCJfYXV0aF91c2VyX2JhY2tlbmQiOiJkamFuZ28uY29udHJpYi5hdXRoLmJhY2tlbmRzLk1vZGVsQmFja2VuZCIsIl9hdXRoX3VzZXJfaWQiOiI1In0="}, "model": "sessions.session", "pk": "kwszwmidykobha71pvaulgv9zne5h37b"}, {"fields": {"second_user": 2, "first_user": 1, "name": "S+M", "logo": ""}, "model": "teams.team", "pk": 1}, {"fields": {"second_user": 3, "first_user": 2, "name": "D+V", "logo": ""}, "model": "teams.team", "pk": 2}, {"fields": {"second_user": 4, "first_user": 3, "name": "J+A", "logo": ""}, "model": "teams.team", "pk": 3}, {"fields": {"second_user": 5, "first_user": 4, "name": "A+A", "logo": ""}, "model": "teams.team", "pk": 4}, {"fields": {"second_user": 1, "first_user": 4, "name": "L+G", "logo": ""}, "model": "teams.team", "pk": 5}, {"fields": {"second_user": 4, "first_user": 5, "name": "B+D", "logo": ""}, "model": "teams.team", "pk": 6}, {"fields": {"second_user": 1, "first_user": 5, "name": "A+I", "logo": ""}, "model": "teams.team", "pk": 7}, {"fields": {"second_user": 1, "first_user": 4, "name": "E+A", "logo": ""}, "model": "teams.team", "pk": 8}, {"fields": {"second_user": 4, "first_user": 2, "name": "S+B", "logo": ""}, "model": "teams.team", "pk": 9}, {"fields": {"second_user": 3, "first_user": 4, "name": "U+U", "logo": ""}, "model": "teams.team", "pk": 10}, {"fields": {"second_user": 3, "first_user": 2, "name": "E+Y", "logo": ""}, "model": "teams.team", "pk": 11}, {"fields": {"second_user": 4, "first_user": 2, "name": "K+F", "logo": ""}, "model": "teams.team", "pk": 12}, {"fields": {"second_user": 18, "first_user": 5, "name": "T+K", "logo": ""}, "model": "teams.team", "pk": 13}, {"fields": {"first_team_goals": 2, "second_team": 2, "first_team": 1, "round": 1, "second_team_goals": 4}, "model": "match.match", "pk": 1}, {"fields": {"first_team_goals": 1, "second_team": 5, "first_team": 2, "round": 2, "second_team_goals": 0}, "model": "match.match", "pk": 2}, {"fields": {"first_team_goals": 0, "second_team": 3, "first_team": 1, "round": 3, "second_team_goals": 2}, "model": "match.match", "pk": 3}, {"fields": {"first_team_goals": 2, "second_team": 4, "first_team": 3, "round": 4, "second_team_goals": 3}, "model": "match.match", "pk": 4}, {"fields": {"first_team_goals": 1, "second_team": 5, "first_team": 4, "round": 5, "second_team_goals": 1}, "model": "match.match", "pk": 5}, {"fields": {"tournament": 1}, "model": "round_in_game.roundingame", "pk": 1}, {"fields": {"tournament": 1}, "model": "round_in_game.roundingame", "pk": 2}, {"fields": {"tournament": 4}, "model": "round_in_game.roundingame", "pk": 3}, {"fields": {"tournament": 4}, "model": "round_in_game.roundingame", "pk": 4}, {"fields": {"tournament": 1}, "model": "round_in_game.roundingame", "pk": 5}, {"fields": {"tournament": 2}, "model": "round_in_game.roundingame", "pk": 6}, {"fields": {"tournament": 1}, "model": "round_in_game.roundingame", "pk": 7}, {"fields": {"type_tour": 1, "date_end": "2015-02-20", "date_start": "2015-02-05", "mode": 1, "name": "tour1"}, "model": "tournament.tournament", "pk": 1}, {"fields": {"type_tour": 2, "date_end": "2015-03-28", "date_start": "2015-03-01", "mode": 1, "name": "tour2"}, "model": "tournament.tournament", "pk": 2}, {"fields": {"type_tour": 3, "date_end": "2015-08-21", "date_start": "2015-08-01", "mode": 1, "name": "tour3"}, "model": "tournament.tournament", "pk": 3}, {"fields": {"type_tour": 6, "date_end": "2015-09-12", "date_start": "2015-08-31", "mode": 1, "name": "tour4"}, "model": "tournament.tournament", "pk": 4}, {"fields": {"type_tour": 6, "date_end": "2015-10-15", "date_start": "2015-10-02", "mode": 1, "name": "tour5"}, "model": "tournament.tournament", "pk": 5}, {"fields": {"type_tour": 6, "date_end": "2015-10-28", "date_start": "2015-10-10", "mode": 2, "name": "tour6"}, "model": "tournament.tournament", "pk": 6}, {"fields": {"rang": "25.00", "tournament": 1, "user": 1}, "model": "rang.rang", "pk": 1}, {"fields": {"rang": "50.00", "tournament": 1, "user": 2}, "model": "rang.rang", "pk": 2}, {"fields": {"rang": "74.00", "tournament": 2, "user": 4}, "model": "rang.rang", "pk": 3}, {"fields": {"rang": "56.00", "tournament": 2, "user": 3}, "model": "rang.rang", "pk": 4}, {"fields": {"rang": "47.00", "tournament": 3, "user": 2}, "model": "rang.rang", "pk": 5}, {"fields": {"rang": "43.00", "tournament": 3, "user": 1}, "model": "rang.rang", "pk": 6}, {"fields": {"rang": "64.00", "tournament": 4, "user": 3}, "model": "rang.rang", "pk": 7}, {"fields": {"rang": "62.00", "tournament": 4, "user": 2}, "model": "rang.rang", "pk": 8}, {"fields": {"rang": "33.00", "tournament": 5, "user": 1}, "model": "rang.rang", "pk": 9}, {"fields": {"rang": "78.00", "tournament": 5, "user": 2}, "model": "rang.rang", "pk": 10}, {"fields": {"rang": "86.00", "tournament": 6, "user": 3}, "model": "rang.rang", "pk": 11}, {"fields": {"rang": "47.60", "tournament": null, "user": 18}, "model": "rang.rang", "pk": 14}, {"fields": {"codename": "add_logentry", "name": "Can add log entry", "content_type": 1}, "model": "auth.permission", "pk": 1}, {"fields": {"codename": "change_logentry", "name": "Can change log entry", "content_type": 1}, "model": "auth.permission", "pk": 2}, {"fields": {"codename": "delete_logentry", "name": "Can delete log entry", "content_type": 1}, "model": "auth.permission", "pk": 3}, {"fields": {"codename": "add_permission", "name": "Can add permission", "content_type": 2}, "model": "auth.permission", "pk": 4}, {"fields": {"codename": "change_permission", "name": "Can change permission", "content_type": 2}, "model": "auth.permission", "pk": 5}, {"fields": {"codename": "delete_permission", "name": "Can delete permission", "content_type": 2}, "model": "auth.permission", "pk": 6}, {"fields": {"codename": "add_group", "name": "Can add group", "content_type": 3}, "model": "auth.permission", "pk": 7}, {"fields": {"codename": "change_group", "name": "Can change group", "content_type": 3}, "model": "auth.permission", "pk": 8}, {"fields": {"codename": "delete_group", "name": "Can delete group", "content_type": 3}, "model": "auth.permission", "pk": 9}, {"fields": {"codename": "add_user", "name": "Can add user", "content_type": 4}, "model": "auth.permission", "pk": 10}, {"fields": {"codename": "change_user", "name": "Can change user", "content_type": 4}, "model": "auth.permission", "pk": 11}, {"fields": {"codename": "delete_user", "name": "Can delete user", "content_type": 4}, "model": "auth.permission", "pk": 12}, {"fields": {"codename": "add_contenttype", "name": "Can add content type", "content_type": 5}, "model": "auth.permission", "pk": 13}, {"fields": {"codename": "change_contenttype", "name": "Can change content type", "content_type": 5}, "model": "auth.permission", "pk": 14}, {"fields": {"codename": "delete_contenttype", "name": "Can delete content type", "content_type": 5}, "model": "auth.permission", "pk": 15}, {"fields": {"codename": "add_session", "name": "Can add session", "content_type": 6}, "model": "auth.permission", "pk": 16}, {"fields": {"codename": "change_session", "name": "Can change session", "content_type": 6}, "model": "auth.permission", "pk": 17}, {"fields": {"codename": "delete_session", "name": "Can delete session", "content_type": 6}, "model": "auth.permission", "pk": 18}, {"fields": {"codename": "add_users", "name": "Can add users", "content_type": 7}, "model": "auth.permission", "pk": 19}, {"fields": {"codename": "change_users", "name": "Can change users", "content_type": 7}, "model": "auth.permission", "pk": 20}, {"fields": {"codename": "delete_users", "name": "Can delete users", "content_type": 7}, "model": "auth.permission", "pk": 21}, {"fields": {"codename": "add_team", "name": "Can add team", "content_type": 8}, "model": "auth.permission", "pk": 22}, {"fields": {"codename": "change_team", "name": "Can change team", "content_type": 8}, "model": "auth.permission", "pk": 23}, {"fields": {"codename": "delete_team", "name": "Can delete team", "content_type": 8}, "model": "auth.permission", "pk": 24}, {"fields": {"codename": "add_match", "name": "Can add match", "content_type": 9}, "model": "auth.permission", "pk": 25}, {"fields": {"codename": "change_match", "name": "Can change match", "content_type": 9}, "model": "auth.permission", "pk": 26}, {"fields": {"codename": "delete_match", "name": "Can delete match", "content_type": 9}, "model": "auth.permission", "pk": 27}, {"fields": {"codename": "add_roundingame", "name": "Can add round in game", "content_type": 10}, "model": "auth.permission", "pk": 28}, {"fields": {"codename": "change_roundingame", "name": "Can change round in game", "content_type": 10}, "model": "auth.permission", "pk": 29}, {"fields": {"codename": "delete_roundingame", "name": "Can delete round in game", "content_type": 10}, "model": "auth.permission", "pk": 30}, {"fields": {"codename": "add_tournament", "name": "Can add tournament", "content_type": 11}, "model": "auth.permission", "pk": 31}, {"fields": {"codename": "change_tournament", "name": "Can change tournament", "content_type": 11}, "model": "auth.permission", "pk": 32}, {"fields": {"codename": "delete_tournament", "name": "Can delete tournament", "content_type": 11}, "model": "auth.permission", "pk": 33}, {"fields": {"codename": "add_rang", "name": "Can add rang", "content_type": 12}, "model": "auth.permission", "pk": 34}, {"fields": {"codename": "change_rang", "name": "Can change rang", "content_type": 12}, "model": "auth.permission", "pk": 35}, {"fields": {"codename": "delete_rang", "name": "Can delete rang", "content_type": 12}, "model": "auth.permission", "pk": 36}, {"fields": {"username": "turbo.belka@bk.ru", "first_name": "Darya", "last_name": "Levchenko", "is_active": true, "is_superuser": false, "is_staff": false, "last_login": "2015-10-16T05:53:21Z", "groups": [], "user_permissions": [], "password": "", "email": "turbo.belka@bk.ru", "date_joined": "2015-10-16T05:53:20Z"}, "model": "auth.user", "pk": 1}, {"fields": {"username": "smile_daha@mail.ru", "first_name": "?????", "last_name": "????????", "is_active": true, "is_superuser": false, "is_staff": false, "last_login": "2015-10-16T05:53:27Z", "groups": [], "user_permissions": [], "password": "", "email": "smile_daha@mail.ru", "date_joined": "2015-10-16T05:53:27Z"}, "model": "auth.user", "pk": 2}, {"fields": {"username": "user1", "first_name": "user1", "last_name": "user1", "is_active": true, "is_superuser": false, "is_staff": false, "last_login": "2015-10-20T12:34:11Z", "groups": [], "user_permissions": [], "password": "pbkdf2_sha256$20000$S8VBQix0CF8e$uPZRDVb5+6gYz+e3J8GCvJFCUfLvB1HnxjatWr/Yrj8=", "email": "user1@mail.ru", "date_joined": "2015-10-16T05:53:57Z"}, "model": "auth.user", "pk": 3}, {"fields": {"username": "user2", "first_name": "user2", "last_name": "user2", "is_active": true, "is_superuser": false, "is_staff": false, "last_login": null, "groups": [], "user_permissions": [], "password": "pbkdf2_sha256$20000$RmEWytgq5GXv$kW18c2dUXrD7fJ/1obo0F/0cNHtvZ4WUL/uDs1zx2KE=", "email": "user2@mail.ru", "date_joined": "2015-10-16T05:54:30Z"}, "model": "auth.user", "pk": 4}, {"fields": {"username": "admin", "first_name": "", "last_name": "", "is_active": true, "is_superuser": true, "is_staff": true, "last_login": "2015-10-20T12:35:30Z", "groups": [], "user_permissions": [], "password": "pbkdf2_sha256$20000$5pqNp2U0Xhjy$DJHlQRSSAcJ4TKn02Bd7/8LEBZ5rdoxRXpQ4gtEGw2I=", "email": "admin@bk.ru", "date_joined": "2015-10-16T06:00:00Z"}, "model": "auth.user", "pk": 5}, {"fields": {"username": "user3", "first_name": "user3", "last_name": "user3", "is_active": true, "is_superuser": false, "is_staff": false, "last_login": null, "groups": [], "user_permissions": [], "password": "pbkdf2_sha256$20000$OksxrEW526PU$0PubKm+MqSntugHa90f/lrX8gjQi68I4eulTt+I0hAA=", "email": "user3@mail.ru", "date_joined": "2015-10-16T08:47:01Z"}, "model": "auth.user", "pk": 6}, {"fields": {"username": "user4", "first_name": "user4", "last_name": "user4", "is_active": true, "is_superuser": false, "is_staff": false, "last_login": "2015-10-20T07:48:40Z", "groups": [], "user_permissions": [], "password": "pbkdf2_sha256$20000$EY9pwH13a5Ai$yzlhcpfSE6NtjGW9Mb7fJFB46sctCgjheATHWPftCxc=", "email": "user4@bk.ru", "date_joined": "2015-10-16T12:20:32Z"}, "model": "auth.user", "pk": 19}, {"fields": {"photo": "static/user_photo/turbo.belkabk.ru_xBc7k6D.jpeg", "user": 1}, "model": "users.users", "pk": 1}, {"fields": {"photo": "static/user_photo/smile_dahamail.ru_urpCDcN.jpeg", "user": 2}, "model": "users.users", "pk": 2}, {"fields": {"photo": "static/user_photo/statusx_op_TrCiTJi.gif", "user": 3}, "model": "users.users", "pk": 3}, {"fields": {"photo": "static/user_photo/photo1_0O1RCEi_C7t0Gov.png", "user": 4}, "model": "users.users", "pk": 4}, {"fields": {"photo": "static/user_photo/statusx_op_TrCiTJi_2iXN6lq.gif", "user": 6}, "model": "users.users", "pk": 5}, {"fields": {"photo": "", "user": 19}, "model": "users.users", "pk": 18}]