[{"fields": {"model": "logentry", "app_label": "admin"}, "model": "contenttypes.contenttype", "pk": 1}, {"fields": {"model": "permission", "app_label": "auth"}, "model": "contenttypes.contenttype", "pk": 2}, {"fields": {"model": "group", "app_label": "auth"}, "model": "contenttypes.contenttype", "pk": 3}, {"fields": {"model": "user", "app_label": "auth"}, "model": "contenttypes.contenttype", "pk": 4}, {"fields": {"model": "contenttype", "app_label": "contenttypes"}, "model": "contenttypes.contenttype", "pk": 5}, {"fields": {"model": "session", "app_label": "sessions"}, "model": "contenttypes.contenttype", "pk": 6}, {"fields": {"model": "users", "app_label": "users"}, "model": "contenttypes.contenttype", "pk": 7}, {"fields": {"model": "team", "app_label": "teams"}, "model": "contenttypes.contenttype", "pk": 8}, {"fields": {"model": "match", "app_label": "match"}, "model": "contenttypes.contenttype", "pk": 9}, {"fields": {"model": "roundingame", "app_label": "round_in_game"}, "model": "contenttypes.contenttype", "pk": 10}, {"fields": {"model": "tournament", "app_label": "tournament"}, "model": "contenttypes.contenttype", "pk": 11}, {"fields": {"model": "rang", "app_label": "rang"}, "model": "contenttypes.contenttype", "pk": 12}, {"fields": {"expire_date": "2015-12-11T07:50:10Z", "session_data": "YzUyYjY2YjcxYjAyMTQ5MTAwNjk5ZjhhNjM5YThhNjM4ZmQwNWE5Mjp7Il9hdXRoX3VzZXJfaGFzaCI6IjIzMzQ5ZWU1Yzc2YTIwM2Q3MjFiMTFlY2VmM2JhNTgzODJiZjU5Y2IiLCJfYXV0aF91c2VyX2JhY2tlbmQiOiJkamFuZ28uY29udHJpYi5hdXRoLmJhY2tlbmRzLk1vZGVsQmFja2VuZCIsIl9hdXRoX3VzZXJfaWQiOiIyNSJ9"}, "model": "sessions.session", "pk": "cldq9affybp4nd288atbc82cfbc3mu0f"}, {"fields": {"expire_date": "2015-11-24T10:18:40Z", "session_data": "NmE5MWM1MDVlMmFmMGE4ZGIzM2UxOGZjZTdiYThkZGIxNjA0MjQwZDp7Il9hdXRoX3VzZXJfaGFzaCI6Ijg2YWQ3Y2YyMGExMjZiYzJjYTlkZDYwNDk2NzNjY2VjYTEzMzU4MzQiLCJfYXV0aF91c2VyX2JhY2tlbmQiOiJkamFuZ28uY29udHJpYi5hdXRoLmJhY2tlbmRzLk1vZGVsQmFja2VuZCIsIl9hdXRoX3VzZXJfaWQiOiI5In0="}, "model": "sessions.session", "pk": "nnchywhr6esttzia19bkgzl4lch232x9"}, {"fields": {"expire_date": "2015-11-19T08:22:58Z", "session_data": "NmE5MWM1MDVlMmFmMGE4ZGIzM2UxOGZjZTdiYThkZGIxNjA0MjQwZDp7Il9hdXRoX3VzZXJfaGFzaCI6Ijg2YWQ3Y2YyMGExMjZiYzJjYTlkZDYwNDk2NzNjY2VjYTEzMzU4MzQiLCJfYXV0aF91c2VyX2JhY2tlbmQiOiJkamFuZ28uY29udHJpYi5hdXRoLmJhY2tlbmRzLk1vZGVsQmFja2VuZCIsIl9hdXRoX3VzZXJfaWQiOiI5In0="}, "model": "sessions.session", "pk": "reh09s45qacnpmvncuk0ljljmu58b06u"}, {"fields": {"expire_date": "2015-11-20T10:05:16Z", "session_data": "NmE5MWM1MDVlMmFmMGE4ZGIzM2UxOGZjZTdiYThkZGIxNjA0MjQwZDp7Il9hdXRoX3VzZXJfaGFzaCI6Ijg2YWQ3Y2YyMGExMjZiYzJjYTlkZDYwNDk2NzNjY2VjYTEzMzU4MzQiLCJfYXV0aF91c2VyX2JhY2tlbmQiOiJkamFuZ28uY29udHJpYi5hdXRoLmJhY2tlbmRzLk1vZGVsQmFja2VuZCIsIl9hdXRoX3VzZXJfaWQiOiI5In0="}, "model": "sessions.session", "pk": "w8y5k6ivvk70ghglu9q01m5gobmoy2us"}, {"fields": {"second_user": 9, "first_user": 8, "name": "user2 u. + user3 u.", "tour": [1, 2], "logo": ""}, "model": "teams.team", "pk": 1}, {"fields": {"second_user": 10, "first_user": 7, "name": "user1 u. + user4 u.", "tour": [1, 2], "logo": ""}, "model": "teams.team", "pk": 2}, {"fields": {"second_user": 13, "first_user": 11, "name": "user5 u. + user12 u.", "tour": [1], "logo": ""}, "model": "teams.team", "pk": 3}, {"fields": {"second_user": 5, "first_user": 6, "name": "Darya L. + ????? ?.", "tour": [1], "logo": ""}, "model": "teams.team", "pk": 4}, {"fields": {"second_user": 12, "first_user": 6, "name": "Darya L. + user7 u.", "tour": [2], "logo": ""}, "model": "teams.team", "pk": 5}, {"fields": {"second_user": 13, "first_user": 5, "name": "????? ?. + user12 u.", "tour": [2], "logo": ""}, "model": "teams.team", "pk": 6}, {"fields": {"my_round": 1, "first_team_goals": 1, "second_team": 2, "first_team": 1, "second_team_goals": 0}, "model": "match.match", "pk": 1}, {"fields": {"my_round": 1, "first_team_goals": 1, "second_team": 3, "first_team": 2, "second_team_goals": 0}, "model": "match.match", "pk": 2}, {"fields": {"my_round": 1, "first_team_goals": 2, "second_team": 1, "first_team": 3, "second_team_goals": 1}, "model": "match.match", "pk": 3}, {"fields": {"my_round": 2, "first_team_goals": 3, "second_team": 2, "first_team": 3, "second_team_goals": 2}, "model": "match.match", "pk": 6}, {"fields": {"my_round": 3, "first_team_goals": 2, "second_team": 2, "first_team": 1, "second_team_goals": 2}, "model": "match.match", "pk": 8}, {"fields": {"my_round": 4, "first_team_goals": 1, "second_team": 6, "first_team": 1, "second_team_goals": 1}, "model": "match.match", "pk": 9}, {"fields": {"my_round": 4, "first_team_goals": 2, "second_team": 5, "first_team": 2, "second_team_goals": 5}, "model": "match.match", "pk": 10}, {"fields": {"my_round": 4, "first_team_goals": 3, "second_team": 4, "first_team": 3, "second_team_goals": 2}, "model": "match.match", "pk": 11}, {"fields": {"my_round": 4, "first_team_goals": 2, "second_team": 3, "first_team": 4, "second_team_goals": 1}, "model": "match.match", "pk": 12}, {"fields": {"my_round": 4, "first_team_goals": 1, "second_team": 2, "first_team": 5, "second_team_goals": 4}, "model": "match.match", "pk": 13}, {"fields": {"my_round": 5, "first_team_goals": 3, "second_team": 5, "first_team": 1, "second_team_goals": 2}, "model": "match.match", "pk": 14}, {"fields": {"my_round": 5, "first_team_goals": 1, "second_team": 4, "first_team": 3, "second_team_goals": 5}, "model": "match.match", "pk": 15}, {"fields": {"my_round": 5, "first_team_goals": 3, "second_team": 3, "first_team": 4, "second_team_goals": 2}, "model": "match.match", "pk": 16}, {"fields": {"my_round": 1, "first_team_goals": 1, "second_team": 5, "first_team": 4, "second_team_goals": 0}, "model": "match.match", "pk": 17}, {"fields": {"my_round": 1, "first_team_goals": 3, "second_team": 6, "first_team": 5, "second_team_goals": 1}, "model": "match.match", "pk": 18}, {"fields": {"my_round": 1, "first_team_goals": 0, "second_team": 5, "first_team": 6, "second_team_goals": 2}, "model": "match.match", "pk": 19}, {"fields": {"my_round": 1, "first_team_goals": 1, "second_team": 4, "first_team": 5, "second_team_goals": 3}, "model": "match.match", "pk": 20}, {"fields": {"my_round": 2, "first_team_goals": 10, "second_team": 4, "first_team": 1, "second_team_goals": 1}, "model": "match.match", "pk": 21}, {"fields": {"my_round": 2, "first_team_goals": null, "second_team": 5, "first_team": 4, "second_team_goals": 2}, "model": "match.match", "pk": 22}, {"fields": {"my_round": 2, "first_team_goals": null, "second_team": 6, "first_team": 5, "second_team_goals": 2}, "model": "match.match", "pk": 23}, {"fields": {"my_round": 2, "first_team_goals": null, "second_team": 5, "first_team": 6, "second_team_goals": 5}, "model": "match.match", "pk": 24}, {"fields": {"my_round": 2, "first_team_goals": null, "second_team": 4, "first_team": 5, "second_team_goals": 1}, "model": "match.match", "pk": 25}, {"fields": {"my_round": 2, "first_team_goals": null, "second_team": 1, "first_team": 4, "second_team_goals": 3}, "model": "match.match", "pk": 26}, {"fields": {"my_round": 2, "first_team_goals": null, "second_team": 4, "first_team": 1, "second_team_goals": null}, "model": "match.match", "pk": 27}, {"fields": {"my_round": 2, "first_team_goals": null, "second_team": 5, "first_team": 4, "second_team_goals": null}, "model": "match.match", "pk": 28}, {"fields": {"my_round": 2, "first_team_goals": null, "second_team": 6, "first_team": 5, "second_team_goals": null}, "model": "match.match", "pk": 29}, {"fields": {"type_rang": 6, "date_end": "2015-11-02", "tournament": 1, "date_start": "2015-11-02"}, "model": "round_in_game.roundingame", "pk": 1}, {"fields": {"type_rang": 6, "date_end": "2015-11-02", "tournament": 2, "date_start": "2015-11-02"}, "model": "round_in_game.roundingame", "pk": 2}, {"fields": {"type_rang": 4, "date_end": "2015-11-02", "tournament": 1, "date_start": "2015-11-02"}, "model": "round_in_game.roundingame", "pk": 3}, {"fields": {"type_rang": 1, "date_end": "2015-11-02", "tournament": 1, "date_start": "2015-11-02"}, "model": "round_in_game.roundingame", "pk": 4}, {"fields": {"type_rang": 1, "date_end": "2015-11-02", "tournament": 2, "date_start": "2015-11-02"}, "model": "round_in_game.roundingame", "pk": 5}, {"fields": {"date_end": "2015-11-02", "date_start": "2015-02-04", "mode": 4, "name": "tour1"}, "model": "tournament.tournament", "pk": 1}, {"fields": {"date_end": "1931-12-27", "date_start": "1928-12-17", "mode": 2, "name": "tour_changed"}, "model": "tournament.tournament", "pk": 2}, {"fields": {"count": 24, "rang": "60.61", "tournament": 1, "user": 5}, "model": "rang.rang", "pk": 3}, {"fields": {"count": 24, "rang": "53.98", "tournament": 1, "user": 6}, "model": "rang.rang", "pk": 4}, {"fields": {"count": 1, "rang": "14.70", "tournament": null, "user": 7}, "model": "rang.rang", "pk": 5}, {"fields": {"count": 24, "rang": "73.66", "tournament": 1, "user": 8}, "model": "rang.rang", "pk": 6}, {"fields": {"count": 24, "rang": "72.45", "tournament": 1, "user": 9}, "model": "rang.rang", "pk": 7}, {"fields": {"count": 23, "rang": "63.30", "tournament": 1, "user": 10}, "model": "rang.rang", "pk": 8}, {"fields": {"count": 24, "rang": "46.72", "tournament": 1, "user": 11}, "model": "rang.rang", "pk": 9}, {"fields": {"count": 1, "rang": "10.50", "tournament": null, "user": 12}, "model": "rang.rang", "pk": 10}, {"fields": {"count": 24, "rang": "25.11", "tournament": 1, "user": 13}, "model": "rang.rang", "pk": 11}, {"fields": {"count": null, "rang": "32.90", "tournament": null, "user": 15}, "model": "rang.rang", "pk": 12}, {"fields": {"codename": "add_logentry", "name": "Can add log entry", "content_type": 1}, "model": "auth.permission", "pk": 1}, {"fields": {"codename": "change_logentry", "name": "Can change log entry", "content_type": 1}, "model": "auth.permission", "pk": 2}, {"fields": {"codename": "delete_logentry", "name": "Can delete log entry", "content_type": 1}, "model": "auth.permission", "pk": 3}, {"fields": {"codename": "add_permission", "name": "Can add permission", "content_type": 2}, "model": "auth.permission", "pk": 4}, {"fields": {"codename": "change_permission", "name": "Can change permission", "content_type": 2}, "model": "auth.permission", "pk": 5}, {"fields": {"codename": "delete_permission", "name": "Can delete permission", "content_type": 2}, "model": "auth.permission", "pk": 6}, {"fields": {"codename": "add_group", "name": "Can add group", "content_type": 3}, "model": "auth.permission", "pk": 7}, {"fields": {"codename": "change_group", "name": "Can change group", "content_type": 3}, "model": "auth.permission", "pk": 8}, {"fields": {"codename": "delete_group", "name": "Can delete group", "content_type": 3}, "model": "auth.permission", "pk": 9}, {"fields": {"codename": "add_user", "name": "Can add user", "content_type": 4}, "model": "auth.permission", "pk": 10}, {"fields": {"codename": "change_user", "name": "Can change user", "content_type": 4}, "model": "auth.permission", "pk": 11}, {"fields": {"codename": "delete_user", "name": "Can delete user", "content_type": 4}, "model": "auth.permission", "pk": 12}, {"fields": {"codename": "add_contenttype", "name": "Can add content type", "content_type": 5}, "model": "auth.permission", "pk": 13}, {"fields": {"codename": "change_contenttype", "name": "Can change content type", "content_type": 5}, "model": "auth.permission", "pk": 14}, {"fields": {"codename": "delete_contenttype", "name": "Can delete content type", "content_type": 5}, "model": "auth.permission", "pk": 15}, {"fields": {"codename": "add_session", "name": "Can add session", "content_type": 6}, "model": "auth.permission", "pk": 16}, {"fields": {"codename": "change_session", "name": "Can change session", "content_type": 6}, "model": "auth.permission", "pk": 17}, {"fields": {"codename": "delete_session", "name": "Can delete session", "content_type": 6}, "model": "auth.permission", "pk": 18}, {"fields": {"codename": "add_users", "name": "Can add users", "content_type": 7}, "model": "auth.permission", "pk": 19}, {"fields": {"codename": "change_users", "name": "Can change users", "content_type": 7}, "model": "auth.permission", "pk": 20}, {"fields": {"codename": "delete_users", "name": "Can delete users", "content_type": 7}, "model": "auth.permission", "pk": 21}, {"fields": {"codename": "add_team", "name": "Can add team", "content_type": 8}, "model": "auth.permission", "pk": 22}, {"fields": {"codename": "change_team", "name": "Can change team", "content_type": 8}, "model": "auth.permission", "pk": 23}, {"fields": {"codename": "delete_team", "name": "Can delete team", "content_type": 8}, "model": "auth.permission", "pk": 24}, {"fields": {"codename": "add_match", "name": "Can add match", "content_type": 9}, "model": "auth.permission", "pk": 25}, {"fields": {"codename": "change_match", "name": "Can change match", "content_type": 9}, "model": "auth.permission", "pk": 26}, {"fields": {"codename": "delete_match", "name": "Can delete match", "content_type": 9}, "model": "auth.permission", "pk": 27}, {"fields": {"codename": "add_roundingame", "name": "Can add round in game", "content_type": 10}, "model": "auth.permission", "pk": 28}, {"fields": {"codename": "change_roundingame", "name": "Can change round in game", "content_type": 10}, "model": "auth.permission", "pk": 29}, {"fields": {"codename": "delete_roundingame", "name": "Can delete round in game", "content_type": 10}, "model": "auth.permission", "pk": 30}, {"fields": {"codename": "add_tournament", "name": "Can add tournament", "content_type": 11}, "model": "auth.permission", "pk": 31}, {"fields": {"codename": "change_tournament", "name": "Can change tournament", "content_type": 11}, "model": "auth.permission", "pk": 32}, {"fields": {"codename": "delete_tournament", "name": "Can delete tournament", "content_type": 11}, "model": "auth.permission", "pk": 33}, {"fields": {"codename": "add_rang", "name": "Can add rang", "content_type": 12}, "model": "auth.permission", "pk": 34}, {"fields": {"codename": "change_rang", "name": "Can change rang", "content_type": 12}, "model": "auth.permission", "pk": 35}, {"fields": {"codename": "delete_rang", "name": "Can delete rang", "content_type": 12}, "model": "auth.permission", "pk": 36}, {"fields": {"username": "smile_daha@mail.ru", "first_name": "?????", "last_name": "????????", "is_active": true, "is_superuser": false, "is_staff": false, "last_login": "2015-10-27T06:52:54Z", "groups": [], "user_permissions": [], "password": "", "email": "smile_daha@mail.ru", "date_joined": "2015-10-27T06:52:54Z"}, "model": "auth.user", "pk": 7}, {"fields": {"username": "turbo.belka@bk.ru", "first_name": "Darya", "last_name": "Levchenko", "is_active": true, "is_superuser": false, "is_staff": false, "last_login": "2015-10-27T06:53:17Z", "groups": [], "user_permissions": [], "password": "", "email": "turbo.belka@bk.ru", "date_joined": "2015-10-27T06:53:17Z"}, "model": "auth.user", "pk": 8}, {"fields": {"username": "user1", "first_name": "user1", "last_name": "user1", "is_active": true, "is_superuser": false, "is_staff": false, "last_login": "2015-11-10T10:18:40Z", "groups": [], "user_permissions": [], "password": "pbkdf2_sha256$20000$HrT7OJeHR9VB$TnLEA8AyWTZiFE2aewLVEq2A5spsdPtZwZheEtDuN/g=", "email": "user1@bl.ru", "date_joined": "2015-10-27T06:54:15Z"}, "model": "auth.user", "pk": 9}, {"fields": {"username": "user2", "first_name": "user2", "last_name": "user2", "is_active": true, "is_superuser": false, "is_staff": false, "last_login": null, "groups": [], "user_permissions": [], "password": "pbkdf2_sha256$20000$HCZksBcJHFeD$IzaS8bVfk1kz4QRDDiOhmObskj9nbOkcZ7LzZe+UgM8=", "email": "user2@dsf.jdfg", "date_joined": "2015-10-27T06:54:55Z"}, "model": "auth.user", "pk": 10}, {"fields": {"username": "user3", "first_name": "user3", "last_name": "user3", "is_active": true, "is_superuser": false, "is_staff": false, "last_login": null, "groups": [], "user_permissions": [], "password": "pbkdf2_sha256$20000$5hitFlzUAIKN$tVBu5ZN2F+uoRmwFgmUkksi+s5Y75DJ+EWYcQD85bFs=", "email": "user3@dsjf.dsfajs", "date_joined": "2015-10-27T06:56:22Z"}, "model": "auth.user", "pk": 11}, {"fields": {"username": "user4", "first_name": "user4", "last_name": "user4", "is_active": true, "is_superuser": false, "is_staff": false, "last_login": "2015-11-06T12:42:15Z", "groups": [], "user_permissions": [], "password": "pbkdf2_sha256$20000$UdOvOidPd5B3$S+bxc/UgKL0ROGBLKDL5DZzBL/fqsce6e+gb0h4sLS8=", "email": "user4@sdfkgsd.sdfs", "date_joined": "2015-10-27T07:00:23Z"}, "model": "auth.user", "pk": 12}, {"fields": {"username": "user5", "first_name": "user5", "last_name": "user5", "is_active": true, "is_superuser": false, "is_staff": false, "last_login": null, "groups": [], "user_permissions": [], "password": "pbkdf2_sha256$20000$OaXxaXetZbpL$U56/OW+RYXMZ7dPtYXPgcImSL1KwoMiTZq6o7mENeTA=", "email": "user5@mail.sdfh", "date_joined": "2015-10-27T07:01:21Z"}, "model": "auth.user", "pk": 13}, {"fields": {"username": "user7", "first_name": "user7", "last_name": "user7", "is_active": true, "is_superuser": false, "is_staff": false, "last_login": null, "groups": [], "user_permissions": [], "password": "pbkdf2_sha256$20000$lDfKrLB42UdY$8PXyDCxAybn8xhkciIFNeyuXH0K5yZuXEhhxvp0VGpw=", "email": "user7@djfa.sadfa", "date_joined": "2015-10-27T07:06:16Z"}, "model": "auth.user", "pk": 14}, {"fields": {"username": "user10", "first_name": "user10", "last_name": "user10", "is_active": true, "is_superuser": false, "is_staff": false, "last_login": null, "groups": [], "user_permissions": [], "password": "pbkdf2_sha256$20000$gqqqrp108ArM$plo59NWe3SFOO2zNKPNW+rlom4s3J8hY9CfnlFfILac=", "email": "user10s@sd.sdf", "date_joined": "2015-10-27T07:39:35Z"}, "model": "auth.user", "pk": 15}, {"fields": {"username": "user11", "first_name": "user11", "last_name": "user11", "is_active": true, "is_superuser": false, "is_staff": false, "last_login": null, "groups": [], "user_permissions": [], "password": "pbkdf2_sha256$20000$qcz5ryF4obNi$iPqyvVsXxZre+SFQUoQeSrm1MUgarqReII5yPJCDR/0=", "email": "user11asd@sdf.sdf", "date_joined": "2015-10-27T07:49:43Z"}, "model": "auth.user", "pk": 16}, {"fields": {"username": "user6", "first_name": "user6", "last_name": "user6", "is_active": true, "is_superuser": false, "is_staff": false, "last_login": null, "groups": [], "user_permissions": [], "password": "pbkdf2_sha256$20000$GLQX8lAMj0pE$R+tuzH3SQ6S4O2mqd5voQgsU0Gn//ppkIMEFmw9SFJA=", "email": "user6@we.fwk", "date_joined": "2015-10-27T07:52:39Z"}, "model": "auth.user", "pk": 17}, {"fields": {"username": "user9", "first_name": "user9", "last_name": "user9", "is_active": true, "is_superuser": false, "is_staff": false, "last_login": null, "groups": [], "user_permissions": [], "password": "pbkdf2_sha256$20000$pElj7wUMyFd9$CZjFqXlViiVuJx1UVg7H245K0g0BWfl5eYDpeF4Ix4E=", "email": "user9@we.fwk", "date_joined": "2015-10-27T07:59:32Z"}, "model": "auth.user", "pk": 18}, {"fields": {"username": "user12", "first_name": "user12", "last_name": "user12", "is_active": true, "is_superuser": false, "is_staff": false, "last_login": null, "groups": [], "user_permissions": [], "password": "pbkdf2_sha256$20000$DmlYsg9VM1ZK$p4yLUE2N+xBt2QirIeWG5pbfjcAqwZ1BVM+bz884IHM=", "email": "user12@dfsg.dfg", "date_joined": "2015-10-27T08:06:47Z"}, "model": "auth.user", "pk": 19}, {"fields": {"username": "admin", "first_name": "admin", "last_name": "admin", "is_active": true, "is_superuser": true, "is_staff": true, "last_login": "2015-11-27T07:50:10Z", "groups": [], "user_permissions": [], "password": "pbkdf2_sha256$20000$4soZEJBIXdvQ$YFVR0X6RGHVNldSjJ3zDKXPBJb9xVIG38PBk+PrCvDI=", "email": "admin@mail.ru", "date_joined": "2015-11-09T08:04:15Z"}, "model": "auth.user", "pk": 25}, {"fields": {"photo": "static/user_photo/smile_dahamail.ru_Ia5qhdr.jpeg", "user": 7}, "model": "users.users", "pk": 5}, {"fields": {"photo": "static/user_photo/turbo.belkabk.ru_gqQRDxW.jpeg", "user": 8}, "model": "users.users", "pk": 6}, {"fields": {"photo": "static/user_photo/statusx_op_2KvW37k.gif", "user": 9}, "model": "users.users", "pk": 7}, {"fields": {"photo": "static/user_photo/photo1_IbsJymK.png", "user": 10}, "model": "users.users", "pk": 8}, {"fields": {"photo": "static/user_photo/??????-2.png", "user": 11}, "model": "users.users", "pk": 9}, {"fields": {"photo": "static/user_photo/favicon.ico", "user": 12}, "model": "users.users", "pk": 10}, {"fields": {"photo": "", "user": 13}, "model": "users.users", "pk": 11}, {"fields": {"photo": "static/user_photo/IMAG1725_kRR55Ct.jpg", "user": 14}, "model": "users.users", "pk": 12}, {"fields": {"photo": "static/user_photo/IMAG1726_WjBqAVw.jpg", "user": 19}, "model": "users.users", "pk": 13}, {"fields": {"photo": "", "user": 25}, "model": "users.users", "pk": 15}]